NIM,NAMA,UTS,UAS,RATA_TGS,NILAI_AKHIR,GRADE
123444,DIANA,71,40,79.0,64.9,C
245455,DANI DEWI,61,53,72.0,63.0,C
556678,RATNA,92,89,83.0,87.5,A
554454,DONI,87,56,,,E
445565,RENDI,62,57,80.33333333333333,67.83333333333333,C
555223,RAHMAT,51,50,81.66666666666667,62.96666666666667,C
545444,EKA,82,48,79.0,70.6,B
566445,JUWITA,81,74,73.0,75.7,B
454542,YUNI,62,88,85.66666666666667,79.26666666666668,B
545444,WAHYUDIN,95,53,77.33333333333333,75.33333333333333,B
